<?xml version="1.0"?>
<configuration>
    <property>
        <name>yarn.nodemanager.aux-services</name>
        <value>mapreduce_shuffle</value>
    </property>
	<property>
        <name>yarn.resourcemanager.hostname</name>
        <value>hadoop-master</value>
    </property>
	<property>
    <name>yarn.nodemanager.resource.memory-mb</name>
    <value>20480</value>
</property>
<property>
   <name>yarn.scheduler.minimum-allocation-mb</name>
   <value>2048</value>
</property>
<property>
    <name>yarn.nodemanager.vmem-pmem-ratio</name>
    <value>2.1</value>
</property>
<property>
	<name>yarn.log-aggregation-enable</name>
	<value>true</value>
</property>
<property>
	<name>yarn.log-aggregation.retain-seconds</name>
	<value>604800</value>
</property>

</configuration>
